Workbook

Sheet Tabelle1
I2: =SUM(F5:H5) -> 608
I3: =SUM(F6:H6) -> 1
E5: Wohnfläche | F5: 165 | G5: 165 | H5: 278
E6: Anteil | F6: =F5/I2 -> 0.27138158 | G6: =G5/I2 -> 0.27138158 | H6: =H5/I2 -> 0.45723684
B7: Pos | C7: Beschreibung | E7: Total | F7: Wetli | G7: Graf | H7: Bürzle
B8: 0 | C8: Grundstück | E8: 17150 | F8: =$E8*F$6 -> 4654.1941 | G8: =$E8*G$6 -> 4654.1941 | H8: =$E8*H$6 -> 7841.6118
B9: 1 | C9: Vorbereitung | E9: 27969 | F9: =$E9*F$6 -> 7590.2714 | G9: =$E9*G$6 -> 7590.2714 | H9: =$E9*H$6 -> 12788.457
B10: 21 | C10: Rohbau 1 | E10: 1654000 | F10: =$E10*F$6 -> 448865.13 | G10: =$E10*G$6 -> 448865.13 | H10: =$E10*H$6 -> 756269.74
B11: 22 | C11: Rohbau 2 | E11: 623826 | F11: =$E11*F$6 -> 169294.88 | G11: =$E11*G$6 -> 169294.88 | H11: =$E11*H$6 -> 285236.23
B12: 23 | C12: Elektro | E12: 251021 | F12: =$E12*F$6 -> 68122.475 | G12: =$E12*G$6 -> 68122.475 | H12: =$E12*H$6 -> 114776.05
B13: 24 | C13: Heizung | E13: 96000 | F13: =$E13*F$6 -> 26052.632 | G13: =$E13*G$6 -> 26052.632 | H13: =$E13*H$6 -> 43894.737
B14: 25 | C14: Sanitäranlagen | E14: 254876 | F14: =$E14*F$6 -> 69168.651 | G14: =$E14*G$6 -> 69168.651 | H14: =$E14*H$6 -> 116538.7
B15: 254 | C15: Pool | E15: 90000 | F15: =$E15*F$6 -> 24424.342 | G15: =$E15*G$6 -> 24424.342 | H15: =$E15*H$6 -> 41151.316
B16: 258 | C16: Küche | F16: 45565 | G16: 45897 | H16: 104953
B17: 259 | C17: Sauna | H17: 56800
B18: 26 | C18: Lift | H18: 37608
B19: 271 | C19: Gipser | E19: 150000 | F19: =$E19*F$6 -> 40707.237 | G19: =$E19*G$6 -> 40707.237 | H19: =$E19*H$6 -> 68585.526
B20: 272 | C20: Metallbau | E20: 44085 | F20: =$E20*F$6 -> 11963.857 | G20: =$E20*G$6 -> 11963.857 | H20: =$E20*H$6 -> 20157.286
B21: 2731 | C21: Allg. Schreinerarbeiten | F21: 23269 | G21: 1048 | H21: 10000
B22: 2733 | C22: Diverse Ausbauten | F22: 21508 | G22: 36982 | H22: 15000
B23: 275 | C23: Schliessanlage | E23: 6000 | F23: =$E23*F$6 -> 1628.2895 | G23: =$E23*G$6 -> 1628.2895 | H23: =$E23*H$6 -> 2743.4211
B24: 2810 | C24: UB | E24: 56539 | F24: =$E24*F$6 -> 15343.643 | G24: =$E24*G$6 -> 15343.643 | H24: =$E24*H$6 -> 25851.714
B25: 2812 | C25: Bodenbeläge | F25: 15000 | G25: 18968 | H25: 34000
B26: 2816 | C26: Boden Treppe | E26: 36000 | F26: =$E26*F$6 -> 9769.7368 | G26: =$E26*G$6 -> 9769.7368 | H26: =$E26*H$6 -> 16460.526
B27: 2824 | C27: Wand Platten | F27: 8000 | G27: 8000 | H27: 10000
B28: 284 | C28: Cheminee | F28: 22927 | G28: 31240 | H28: 20000
B29: 2851 | C29: Maler | E29: 60000 | F29: =$E29*F$6 -> 16282.895 | G29: =$E29*G$6 -> 16282.895 | H29: =$E29*H$6 -> 27434.211
B30: 287 | C30: Baureinigung | E30: 15000 | F30: =$E30*F$6 -> 4070.7237 | G30: =$E30*G$6 -> 4070.7237 | H30: =$E30*H$6 -> 6858.5526
B31: 29 | C31: Honorare | E31: 733965 | F31: =$E31*F$6 -> 199184.58 | G31: =$E31*G$6 -> 199184.58 | H31: =$E31*H$6 -> 335595.84
B32: 4 | C32: Umgebung | E32: 151036 | F32: =$E32*F$6 -> 40988.388 | G32: =$E32*G$6 -> 40988.388 | H32: =$E32*H$6 -> 69059.224
B33: 5 | C33: Baunebenkosten | E33: 232000 | F33: =$E33*F$6 -> 62960.526 | G33: =$E33*G$6 -> 62960.526 | H33: =$E33*H$6 -> 106078.95
B34: xx | C34: Boden | E34: 1500000 | F34: =$E34*F$6 -> 407072.37 | G34: =$E34*G$6 -> 407072.37 | H34: =$E34*H$6 -> 685855.26
C36: SUMME | F36: =SUM(F8:F34) -> 1764413.8 | G36: =SUM(G8:G34) -> 1770279.8 | H36: =SUM(H8:H34) -> 3031538.3
C38: Nebenkosten | F38: 440 | G38: 440 | H38: 540

Sheet Tabelle2
D3: Wetli | E3: Graf | F3: Bürzle | H3: 20% anteil | I3: =Tabelle1!F36*0.2 -> 352882.77
B4: Total Schuld | D4: =Tabelle1!F36 -> 1764413.8 | E4: =Tabelle1!G36 -> 1770279.8 | F4: =Tabelle1!H36 -> 3031538.3
B5: Eigenanteil | C5: 0 | D5: =D4*$C$5 -> 0 | E5: =E4*$C$5 -> 0 | F5: =F4*$C$5 -> 0
B6: Total Hypothek | D6: =D4-D5 -> 1764413.8 | E6: =E4-E5 -> 1770279.8 | F6: =F4-F5 -> 3031538.3
B7: Zins | C7: 0.008 | D7: =D6*Tabelle2!$C7 -> 14115.311 | E7: =E6*Tabelle2!$C7 -> 14162.239 | F7: =F6*Tabelle2!$C7 -> 24252.307
B8: Amortisation | C8: 0.01 | D8: =D4*Tabelle2!$C8 -> 17644.138 | E8: =E4*Tabelle2!$C8 -> 17702.798 | F8: =F4*Tabelle2!$C8 -> 30315.383
B9: Nebenkosten | D9: =Tabelle1!F38*12 -> 5280 | E9: =Tabelle1!G38*12 -> 5280 | F9: =Tabelle1!H38*12 -> 6480
B10: Sparen | C10: 0 | D10: =D4*Tabelle2!$C10 -> 0 | E10: =E4*Tabelle2!$C10 -> 0 | F10: =F4*Tabelle2!$C10 -> 0
B13: Total pro Jahr | D13: =SUM(D7:D10) -> 37039.449 | E13: =SUM(E7:E10) -> 37145.037 | F13: =SUM(F7:F10) -> 61047.69
B14: Total Pro Monat | D14: =D13/12 -> 3086.6207 | E14: =E13/12 -> 3095.4197 | F14: =F13/12 -> 5087.3075
H17: Wetli Pro Monat | I17: Graf Pro Monat | J17: Bürzle Pro Monat
B18: Jahr | C18: 40 | D18: =D13 -> 37039.449 | E18: =E13 -> 37145.037 | F18: =F13 -> 61047.69 | H18: =D18/12 -> 3086.6207 | I18: =E18/12 -> 3095.4197 | J18: =F18/12 -> 5087.3075
C19: 41 | D19: =D18*(1-$C$8) -> 36669.054 | E19: =E18*(1-$C$8) -> 36773.587 | F19: =F18*(1-$C$8) -> 60437.213 | H19: =D19/12 -> 3055.7545 | I19: =E19/12 -> 3064.4655 | J19: =F19/12 -> 5036.4344
C20: 42 | D20: =D19*(1-$C$8) -> 36302.364 | E20: =E19*(1-$C$8) -> 36405.851 | F20: =F19*(1-$C$8) -> 59832.841 | H20: =D20/12 -> 3025.197 | I20: =E20/12 -> 3033.8209 | J20: =F20/12 -> 4986.0701
C21: 43 | D21: =D20*(1-$C$8) -> 35939.34 | E21: =E20*(1-$C$8) -> 36041.792 | F21: =F20*(1-$C$8) -> 59234.513 | H21: =D21/12 -> 2994.945 | I21: =E21/12 -> 3003.4827 | J21: =F21/12 -> 4936.2094
C22: 44 | D22: =D21*(1-$C$8) -> 35579.947 | E22: =E21*(1-$C$8) -> 35681.374 | F22: =F21*(1-$C$8) -> 58642.168 | H22: =D22/12 -> 2964.9956 | I22: =E22/12 -> 2973.4479 | J22: =F22/12 -> 4886.8473
C23: 45 | D23: =D22*(1-$C$8) -> 35224.147 | E23: =E22*(1-$C$8) -> 35324.56 | F23: =F22*(1-$C$8) -> 58055.746 | H23: =D23/12 -> 2935.3456 | I23: =E23/12 -> 2943.7134 | J23: =F23/12 -> 4837.9788
C24: 46 | D24: =D23*(1-$C$8) -> 34871.906 | E24: =E23*(1-$C$8) -> 34971.315 | F24: =F23*(1-$C$8) -> 57475.189 | H24: =D24/12 -> 2905.9922 | I24: =E24/12 -> 2914.2762 | J24: =F24/12 -> 4789.599
C25: 47 | D25: =D24*(1-$C$8) -> 34523.187 | E25: =E24*(1-$C$8) -> 34621.602 | F25: =F24*(1-$C$8) -> 56900.437 | H25: =D25/12 -> 2876.9322 | I25: =E25/12 -> 2885.1335 | J25: =F25/12 -> 4741.7031
C26: 48 | D26: =D25*(1-$C$8) -> 34177.955 | E26: =E25*(1-$C$8) -> 34275.386 | F26: =F25*(1-$C$8) -> 56331.432 | H26: =D26/12 -> 2848.1629 | I26: =E26/12 -> 2856.2821 | J26: =F26/12 -> 4694.286
C27: 49 | D27: =D26*(1-$C$8) -> 33836.175 | E27: =E26*(1-$C$8) -> 33932.632 | F27: =F26*(1-$C$8) -> 55768.118 | H27: =D27/12 -> 2819.6813 | I27: =E27/12 -> 2827.7193 | J27: =F27/12 -> 4647.3432
C28: 50 | D28: =D27*(1-$C$8) -> 33497.814 | E28: =E27*(1-$C$8) -> 33593.306 | F28: =F27*(1-$C$8) -> 55210.437 | H28: =D28/12 -> 2791.4845 | I28: =E28/12 -> 2799.4421 | J28: =F28/12 -> 4600.8697
C29: 51 | D29: =D28*(1-$C$8) -> 33162.836 | E29: =E28*(1-$C$8) -> 33257.372 | F29: =F28*(1-$C$8) -> 54658.332 | H29: =D29/12 -> 2763.5696 | I29: =E29/12 -> 2771.4477 | J29: =F29/12 -> 4554.861
C30: 52 | D30: =D29*(1-$C$8) -> 32831.207 | E30: =E29*(1-$C$8) -> 32924.799 | F30: =F29*(1-$C$8) -> 54111.749 | H30: =D30/12 -> 2735.9339 | I30: =E30/12 -> 2743.7332 | J30: =F30/12 -> 4509.3124
... C58: 80 | D58: =D57*(1-$C$8) -> 24778.345 | E58: =E57*(1-$C$8) -> 24848.981 | F58: =F57*(1-$C$8) -> 40839.181 | H58: =D58/12 -> 2064.8621 | I58: =E58/12 -> 2070.7484 | J58: =F58/12 -> 3403.2651
